position,title,place_id,data_id,data_cid,reviews_link,photos_link,gps_coordinates,place_id_search,provider_id,rating,reviews,price,type,types,type_id,type_ids,address,open_state,phone,website,description,extensions,service_options,reserve_a_table,user_review,thumbnail,serpapi_thumbnail,order_online,unsupported_extensions
1,The Dearborn,ChIJ-XdXNKUsDogRW-m5g5Siao8,0x880e2ca5345777f9:0x8f6aa29483b9e95b,10334251053703883099,https://serpapi.com/search.json?data_id=0x880e2ca5345777f9%3A0x8f6aa29483b9e95b&engine=google_maps_reviews&hl=en,https://serpapi.com/search.json?data_id=0x880e2ca5345777f9%3A0x8f6aa29483b9e95b&engine=google_maps_photos&hl=en,"{'latitude': 41.8843373, 'longitude': -87.6292766}",https://serpapi.com/search.json?engine=google_maps&google_domain=google.com&hl=en&place_id=ChIJ-XdXNKUsDogRW-m5g5Siao8,/g/11bzrpm7dv,4.7,7498,$30–50,American restaurant,"['American restaurant', 'Brunch restaurant', 'Cocktail bar', 'Event venue', 'Irish restaurant', 'Lunch restaurant', 'Restaurant', 'Seafood restaurant']",american_restaurant,"['american_restaurant', 'brunch_restaurant', 'cocktail_bar', 'event_venue', 'irish_restaurant', 'lunch_restaurant', 'restaurant', 'seafood_restaurant']","145 N Dearborn St, Chicago, IL 60602",Open ⋅ Closes 10 PM,(312) 384-1242,http://www.thedearborntavern.com/,Chic American tavern with seasonal fare. Stylish American hangout serving seasonal dishes and cocktails in architectural digs.,"[{'from_the_business': ['Identifies as LGBTQ+ owned', 'Identifies as women-owned']}, {'service_options': ['Outdoor seating', 'Delivery', 'Onsite services', 'Takeout', 'Dine-in']}, {'highlights': ['Fast service', 'Great beer selection', 'Great cocktails', 'Great dessert', 'Great wine list', 'Live music', 'Serves local specialty']}, {'popular_for': ['Lunch', 'Dinner', 'Solo dining']}, {'accessibility': ['Wheelchair accessible entrance', 'Wheelchair accessible restroom', 'Wheelchair accessible seating']}, {'offerings': ['Alcohol', 'Beer', 'Cocktails', 'Coffee', 'Comfort food', 'Happy hour drinks', 'Happy hour food', 'Hard liquor', 'Late-night food', 'Private dining room', 'Small plates', 'Vegetarian options', 'Wine']}, {'dining_options': ['Brunch', 'Lunch', 'Dinner', 'Dessert', 'Seating', 'Table service']}, {'amenities': ['Bar onsite', 'Restroom', 'Wi-Fi', 'Free Wi-Fi']}, {'atmosphere': ['Casual', 'Cozy', 'Trendy', 'Upscale']}, {'crowd': ['Family-friendly', 'Groups', 'LGBTQ+ friendly', 'Tourists', 'Transgender safespace']}, {'planning': ['Brunch reservations recommended', 'Lunch reservations recommended', 'Dinner reservations recommended', 'Accepts reservations', 'Usually a wait']}, {'payments': ['Credit cards', 'Debit cards', 'NFC mobile payments']}, {'children': ['Has changing table(s)', 'High chairs', ""Kids' menu""]}, {'parking': ['Paid parking lot', 'Usually plenty of parking']}, {'pets': ['Dogs allowed outside']}]","{'dine_in': True, 'takeout': True, 'delivery': True}",https://www.google.com/maps/reserve/v/dine/c/-JxAPiFyZDk?source=pa&opi=79508299&hl=en-US&gei=_uMUad2hLsq_5OUP0N69GQ&sourceurl=https://www.google.com/service/MapsSearchService/Search?hl%3Den%26authuser%3D0%26gl%3Dus%26q%3Drestaurants%26tbm%3Dmap,"""The food and drinks were delicious, and the atmosphere was very nice.""",https://lh3.googleusercontent.com/p/AF1QipPijVtjK85CIO-tx0eFcUFoIke2yKSTmkaUc-6C=w138-h92-k-no,https://serpapi.com/images/url/7_wtnnicuxmXUVJSUGylr5-TYayXnp-fnpNaWpxalJyfV5KaV6KXnJ-rX6Dv6GYYmFkQkJkVVpLlbWHq7OmvW1JhkOqWHOqW75mdalTpHRySm50Ymqxr5mxbbmhsoZthaaSbrZuXDwCmRiEW,,
2,Doc B's Restaurant (Gold Coast),ChIJiT2x31PTD4gRPml2cCfCQJk,0x880fd353dfb13d89:0x9940c2277076693e,11043039760958777662,https://serpapi.com/search.json?data_id=0x880fd353dfb13d89%3A0x9940c2277076693e&engine=google_maps_reviews&hl=en,https://serpapi.com/search.json?data_id=0x880fd353dfb13d89%3A0x9940c2277076693e&engine=google_maps_photos&hl=en,"{'latitude': 41.9001175, 'longitude': -87.62491279999999}",https://serpapi.com/search.json?engine=google_maps&google_domain=google.com&hl=en&place_id=ChIJiT2x31PTD4gRPml2cCfCQJk,/g/1pp2vbqfb,4.7,2372,$20–30,Restaurant,"['Restaurant', 'Bar', 'Cocktail bar']",restaurant,"['restaurant', 'bar', 'cocktail_bar']","100 E Walton St, Chicago, IL 60611",Open ⋅ Closes 10 PM,(312) 626-1300,https://docbsrestaurant.com/locations/chicago-gold-coast,"Seasonal American fare in sleek quarters. Small-chain American spot offering seasonal comfort food in stylish, contemporary surroundings.","[{'service_options': ['Outdoor seating', 'No-contact delivery', 'Delivery', 'Takeout', 'Dine-in']}, {'highlights': ['Fast service', 'Great beer selection', 'Great cocktails', 'Great wine list', 'Serves local specialty', 'Sports']}, {'popular_for': ['Lunch', 'Dinner', 'Solo dining']}, {'accessibility': ['Wheelchair accessible entrance', 'Wheelchair accessible restroom', 'Wheelchair accessible seating']}, {'offerings': ['Alcohol', 'Beer', 'Cocktails', 'Coffee', 'Comfort food', 'Happy hour drinks', 'Hard liquor', 'Healthy options', 'Late-night food', 'Quick bite', 'Salad bar', 'Small plates', 'Vegetarian options', 'Wine']}, {'dining_options': ['Breakfast', 'Brunch', 'Lunch', 'Dinner', 'Catering', 'Dessert', 'Seating', 'Table service']}, {'amenities': ['Bar onsite', 'Restroom', 'Wi-Fi', 'Free Wi-Fi']}, {'atmosphere': ['Casual', 'Trendy']}, {'crowd': ['Family-friendly', 'Groups', 'Tourists']}, {'planning': ['Dinner reservations recommended', 'Accepts reservations']}, {'payments': ['Credit cards', 'Debit cards', 'NFC mobile payments']}, {'children': ['Good for kids', 'High chairs', ""Kids' menu""]}, {'parking': ['Paid parking lot', 'Paid street parking']}, {'pets': ['Dogs allowed outside']}]","{'dine_in': True, 'takeout': True, 'no_contact_delivery': True}",https://www.google.com/maps/reserve/v/dine/c/pClr5ypT-Og?source=pa&opi=79508299&hl=en-US&gei=_uMUad2hLsq_5OUP0N69GQ&sourceurl=https://www.google.com/service/MapsSearchService/Search?hl%3Den%26authuser%3D0%26gl%3Dus%26q%3Drestaurants%26tbm%3Dmap,"""The food is delicious and the drinks are expertly crafted.""",https://lh3.googleusercontent.com/gps-cs-s/AG0ilSzd-w2zwVwzQ_IkaFSd7zcztclvva4Dzz-HYaabMS6LrSSULjRZqfIZZBbVASfG49zN1xJMJ6AxWWy4M2aMajD9hwvNOzk22maRNNjJAVBfgcbljmbl2OFsyGd1lMHPCU6pcSLZ=w122-h92-k-no,https://serpapi.com/images/url/i36XsnicBcFbjoIwFADQFVWkEgwmfuAYUULRsREiP6aUl1Ao2kr17s9FzG7mnL9vo_WoVpYlmsWslrIW5UuVTy4HXQ56xmVv1aNCXCFl-cH8LigUyGAwiYHf26FjO1osgYPmYpqYswVA-ytjOaFu9KT0ErXn7FEdsmyTJz6tAseD2H6HJHT9d5p-HIIZYe3Wa8wUH6HDuGfnOG5DP9lUNc9F2-cCH3fqExS2IPvTz8UdOY2ytbExRo2HUYcG-Q9poEWi,"https://www.google.com/viewer/chooseprovider?mid=/g/1pp2vbqfb&g2lbs=AO8LyOJ190u7gVpBiHBufhXu6KKHi2yLxZpuBnwPVsRfXo_e6JzD3qN6iOq1AHsY5ysFTyNVBjQ-fU-IhJRhHNxBbhf17O5CRA%3D%3D&hl=en-US&gl=us&fo_m=MfohQo559jFvMUOzJVpjPL1YMfZ3bInYwBDuMfaXTPp5KXh-&utm_source=tactile&gei=_uMUad2hLsq_5OUP0N69GQ&ei=_uMUad2hLsq_5OUP0N69GQ&fo_s=OA,SOE&opi=79508299&ebb=1&cs=0&foub=mcpp",
3,Aba,ChIJHy_uxjQtDogREgbDgcjizn8,0x880e2d34c6ee2f1f:0x7fcee2c881c30612,9209547638817621522,https://serpapi.com/search.json?data_id=0x880e2d34c6ee2f1f%3A0x7fcee2c881c30612&engine=google_maps_reviews&hl=en,https://serpapi.com/search.json?data_id=0x880e2d34c6ee2f1f%3A0x7fcee2c881c30612&engine=google_maps_photos&hl=en,"{'latitude': 41.887004999999995, 'longitude': -87.64885009999999}",https://serpapi.com/search.json?engine=google_maps&google_domain=google.com&hl=en&place_id=ChIJHy_uxjQtDogREgbDgcjizn8,/g/11g0j9p7ls,4.8,7525,$50–100,Mediterranean restaurant,"['Mediterranean restaurant', 'Bar']",mediterranean_restaurant,"['mediterranean_restaurant', 'bar']","302 N Green St 3rd Floor, Chicago, IL 60607",Closed ⋅ Opens 4 PM,(773) 645-1400,http://www.abarestaurants.com/,"Trendy Mediterranean eatery and roof patio. Posh destination for elevated Mediterranean fare and cocktails, plus a lounge-style rooftop patio.","[{'service_options': ['Outdoor seating', 'Curbside pickup', 'No-contact delivery', 'Delivery', 'Takeout', 'Dine-in']}, {'highlights': ['Fast service', 'Fireplace', 'Great cocktails', 'Great coffee', 'Great dessert', 'Great wine list', 'Rooftop seating', 'Serves local specialty']}, {'popular_for': ['Lunch', 'Dinner', 'Solo dining']}, {'accessibility': ['Wheelchair accessible entrance', 'Wheelchair accessible restroom', 'Wheelchair accessible seating']}, {'offerings': ['Alcohol', 'Beer', 'Cocktails', 'Coffee', 'Comfort food', 'Happy hour drinks', 'Happy hour food', 'Hard liquor', 'Healthy options', 'Late-night food', 'Private dining room', 'Small plates', 'Vegan options', 'Vegetarian options', 'Wine']}, {'dining_options': ['Brunch', 'Dinner', 'Catering', 'Dessert', 'Seating', 'Table service']}, {'amenities': ['Bar onsite', 'Restroom', 'Wi-Fi', 'Free Wi-Fi']}, {'atmosphere': ['Cozy', 'Romantic', 'Trendy', 'Upscale']}, {'crowd': ['Family-friendly', 'Groups', 'LGBTQ+ friendly', 'Tourists', 'Transgender safespace']}, {'planning': ['Brunch reservations recommended', 'Dinner reservations recommended', 'Accepts reservations', 'Usually a wait']}, {'payments': ['Credit cards', 'Debit cards', 'NFC mobile payments']}, {'children': ['Good for kids', 'High chairs', ""Kids' menu""]}, {'parking': ['Paid parking garage', 'Paid parking lot', 'Paid street parking', 'Valet parking']}]","{'dine_in': True, 'curbside_pickup': True, 'no_contact_delivery': True}",https://www.google.com/maps/reserve/v/dine/c/ioFMOtt0LLs?source=pa&opi=79508299&hl=en-US&gei=_uMUad2hLsq_5OUP0N69GQ&sourceurl=https://www.google.com/service/MapsSearchService/Search?hl%3Den%26authuser%3D0%26gl%3Dus%26q%3Drestaurants%26tbm%3Dmap,"""Company event last night the food was amazing, great service and atmosphere.""",https://lh3.googleusercontent.com/p/AF1QipNTqTpjZVRSCtStKF981oK06ob6p6OsSLf_IOTl=w138-h92-k-no,https://serpapi.com/images/url/fCHfOHicuxmXUVJSUGylr5-TYayXnp-fnpNaWpxalJyfV5KaV6KXnJ-rX6Dv6GYYmFngF1IYUpAVFRYU7FwSXOLtZmlhmO9tYJafZFZg5l8c7JMW7-kfkmNbbmhsoZthaaSbrZuXDwClXyEQ,"https://www.google.com/viewer/chooseprovider?mid=/g/11g0j9p7ls&g2lbs=AO8LyOJXRp3GlhMSUE3X2Kid5LRlCrL2ibq_lhXVFXxZr0J_6GakjHDG5d9xS8AV1e0I0i7kF3lvfS5tQ3Fw1oHQmrD4GCo-uA%3D%3D&hl=en-US&gl=us&fo_m=MfohQo559jFvMUOzJVpjPL1YMfZ3bInYwBDuMfaXTPp5KXh-&utm_source=tactile&gei=_uMUad2hLsq_5OUP0N69GQ&ei=_uMUad2hLsq_5OUP0N69GQ&fo_s=OA,SOE&opi=79508299&ebb=1&cs=0&foub=mcpp","[{'accessibility': ['Assistive hearing loop', 'Wheelchair accessible parking lot']}]"
4,The Purple Pig Restaurant,ChIJl8NTEawsDogRwXH-IVDyH2A,0x880e2cac1153c397:0x601ff25021fe71c1,6926521177900741057,https://serpapi.com/search.json?data_id=0x880e2cac1153c397%3A0x601ff25021fe71c1&engine=google_maps_reviews&hl=en,https://serpapi.com/search.json?data_id=0x880e2cac1153c397%3A0x601ff25021fe71c1&engine=google_maps_photos&hl=en,"{'latitude': 41.890738999999996, 'longitude': -87.6245691}",https://serpapi.com/search.json?engine=google_maps&google_domain=google.com&hl=en&place_id=ChIJl8NTEawsDogRwXH-IVDyH2A,/m/0_yvzfl,4.6,7130,$50–100,Mediterranean restaurant,"['Mediterranean restaurant', 'Greek restaurant', 'Italian restaurant']",mediterranean_restaurant,"['mediterranean_restaurant', 'greek_restaurant', 'italian_restaurant']","444 Michigan Ave, Chicago, IL 60611",Open ⋅ Closes 10 PM,(312) 464-1744,https://thepurplepigchicago.com/,"Gastropub with focus on pork. Famous pork and wine specialist, highlighting the flavors of Italy, Greece, and Spain, with an open kitchen and a chic setting.","[{'service_options': ['No-contact delivery', 'Delivery', 'Onsite services', 'Takeout', 'Dine-in']}, {'highlights': ['Fast service', 'Great beer selection', 'Great cocktails', 'Great dessert', 'Great wine list', 'Serves local specialty']}, {'popular_for': ['Lunch', 'Dinner', 'Solo dining']}, {'accessibility': ['Wheelchair accessible entrance', 'Wheelchair accessible restroom', 'Wheelchair accessible seating']}, {'offerings': ['Alcohol', 'Beer', 'Cocktails', 'Coffee', 'Comfort food', 'Happy hour drinks', 'Hard liquor', 'Late-night food', 'Small plates', 'Vegetarian options', 'Wine']}, {'dining_options': ['Lunch', 'Dinner', 'Catering', 'Dessert', 'Seating', 'Table service']}, {'amenities': ['Bar onsite', 'Restroom']}, {'atmosphere': ['Casual', 'Cozy', 'Trendy', 'Upscale']}, {'crowd': ['Family-friendly', 'Groups', 'LGBTQ+ friendly', 'Locals', 'Tourists']}, {'planning': ['Lunch reservations recommended', 'Dinner reservations recommended', 'Accepts reservations', 'Usually a wait']}, {'payments': ['Credit cards', 'Debit cards', 'NFC mobile payments']}, {'children': ['Good for kids', 'High chairs']}, {'parking': ['Paid parking garage', 'Paid parking lot', 'Paid street parking', 'Usually difficult to find a space']}]","{'dine_in': True, 'takeout': True, 'no_contact_delivery': True}",https://www.google.com/maps/reserve/v/dine/c/2VRraAOpuew?source=pa&opi=79508299&hl=en-US&gei=_uMUad2hLsq_5OUP0N69GQ&sourceurl=https://www.google.com/service/MapsSearchService/Search?hl%3Den%26authuser%3D0%26gl%3Dus%26q%3Drestaurants%26tbm%3Dmap,"""Everything from chicken, pasta, to steak feels like farm to table fresh.""",https://lh3.googleusercontent.com/p/AF1QipMEmEsHD_Ghrjb0i8106LgvUmA0y_7oEc4HzRcb=w137-h92-k-no,https://serpapi.com/images/url/IBF-MHicuxmXUVJSUGylr5-TYayXnp-fnpNaWpxalJyfV5KaV6KXnJ-rX6Dv6GYYmFng65rrWuzhEu-eUZSVZJBpYWhg5pNeFprraFAZb57vmmziURWUnGRbbmhsrpthaaSbrZuXDwCfDCED,,[{'accessibility': ['Wheelchair accessible parking lot']}]
5,Francesca's On Chestnut,ChIJrZa6SFTTD4gR0EUTEwYmZB4,0x880fd35448ba96ad:0x1e642606131345d0,2189917126340593104,https://serpapi.com/search.json?data_id=0x880fd35448ba96ad%3A0x1e642606131345d0&engine=google_maps_reviews&hl=en,https://serpapi.com/search.json?data_id=0x880fd35448ba96ad%3A0x1e642606131345d0&engine=google_maps_photos&hl=en,"{'latitude': 41.8985558, 'longitude': -87.6216786}",https://serpapi.com/search.json?engine=google_maps&google_domain=google.com&hl=en&place_id=ChIJrZa6SFTTD4gR0EUTEwYmZB4,/g/1hhgx66d5,4.7,2866,$50–100,Italian restaurant,"['Italian restaurant', 'Wine bar']",italian_restaurant,"['italian_restaurant', 'wine_bar']","200 E Chestnut St, Chicago, IL 60611",Open ⋅ Closes 9:30 PM,(312) 482-8800,http://www.miafrancesca.com/,Italian dishes in an upscale environment. Classic Italian cuisine & imported wines served in sophisticated surrounds with dark wood paneling.,"[{'service_options': ['Delivery', 'Takeout', 'Dine-in']}, {'highlights': ['Fast service', 'Great cocktails', 'Great coffee', 'Great dessert', 'Great wine list', 'Serves local specialty']}, {'popular_for': ['Lunch', 'Dinner', 'Solo dining']}, {'accessibility': ['Wheelchair accessible entrance', 'Wheelchair accessible restroom', 'Wheelchair accessible seating']}, {'offerings': ['Alcohol', 'Beer', 'Cocktails', 'Coffee', 'Comfort food', 'Hard liquor', 'Private dining room', 'Small plates', 'Vegetarian options', 'Wine']}, {'dining_options': ['Brunch', 'Lunch', 'Dinner', 'Catering', 'Dessert', 'Seating', 'Table service']}, {'amenities': ['Bar onsite', 'Restroom', 'Wi-Fi', 'Free Wi-Fi']}, {'atmosphere': ['Casual', 'Cozy', 'Romantic', 'Trendy', 'Upscale']}, {'crowd': ['Family-friendly', 'Groups', 'Tourists']}, {'planning': ['Brunch reservations recommended', 'Dinner reservations recommended', 'Accepts reservations']}, {'payments': ['Credit cards', 'Debit cards', 'NFC mobile payments']}, {'children': ['Good for kids', 'High chairs', ""Kids' menu""]}, {'parking': ['Paid street parking', 'Usually plenty of parking', 'Valet parking']}]","{'dine_in': True, 'takeout': True, 'delivery': True}",https://www.google.com/maps/reserve/v/dine/c/mPdFjsc06AU?source=pa&opi=79508299&hl=en-US&gei=_uMUad2hLsq_5OUP0N69GQ&sourceurl=https://www.google.com/service/MapsSearchService/Search?hl%3Den%26authuser%3D0%26gl%3Dus%26q%3Drestaurants%26tbm%3Dmap,"""From amazing cocktails to apps, pasta and dinner was an amazing experience.""",https://lh3.googleusercontent.com/gps-cs-s/AG0ilSzo0hPCQ1FkNt4oHKK28HOEJM3sMHmqXiDi0DfK1-0ECV025A9XGAcuitiP6_xPVjIQHI3wt38YTJOCIyCWwSQhtNVY8AdJJoGNqB_uwyvybfhD9acPJ5Tcg13-aadG5oUpMycIwA=w137-h92-k-no,https://serpapi.com/images/url/TqMYMHicBcFBcoIwFADQE0UCKS0400UKFggDwmgprhwakaQiH00w4gU9Q2_T9_6eQutRLS2rF2TRAXR9O6n2ymHQ7aAXHM5WNyrEFVIWjbDsNw_AoghK-_OU6xeI09Tx4vWKZURl8flSy1Di8JjaCK-CCjsu9euI8klqWbzu70X1m5RxQowm3m7L1kEyB99mUwqdVzuPHhiDKL987Ccz3-afowj9hhfM3fLOJqhpDpELX2M288TQd2OTNyR8B53QAP-XlkOz,"https://www.google.com/viewer/chooseprovider?mid=/g/1hhgx66d5&g2lbs=AO8LyOLNR2Z4ZU-ZU37tVyu7EDkSyxZRZqrS1JLfgQQL5xEwcQ3SNEhhFy6l8HmDG5bYEtb0Zo3shAaQq7xtqIFQJkb38Pw73A%3D%3D&hl=en-US&gl=us&fo_m=MfohQo559jFvMUOzJVpjPL1YMfZ3bInYwBDuMfaXTPp5KXh-&utm_source=tactile&gei=_uMUad2hLsq_5OUP0N69GQ&ei=_uMUad2hLsq_5OUP0N69GQ&fo_s=OA,SOE&opi=79508299&ebb=1&cs=0&foub=mcpp",
6,Beatrix,ChIJpTqIMRotDogR5NK9guzl_Ew,0x880e2d1a31883aa5:0x4cfce5ec82bdd2e4,5547561644982129380,https://serpapi.com/search.json?data_id=0x880e2d1a31883aa5%3A0x4cfce5ec82bdd2e4&engine=google_maps_reviews&hl=en,https://serpapi.com/search.json?data_id=0x880e2d1a31883aa5%3A0x4cfce5ec82bdd2e4&engine=google_maps_photos&hl=en,"{'latitude': 41.8943596, 'longitude': -87.6225456}",https://serpapi.com/search.json?engine=google_maps&google_domain=google.com&hl=en&place_id=ChIJpTqIMRotDogR5NK9guzl_Ew,/g/11bwfmr4_j,4.6,5324,$20–30,American restaurant,"['American restaurant', 'Cocktail bar', 'Coffee shop', 'Restaurant']",american_restaurant,"['american_restaurant', 'cocktail_bar', 'coffee_shop', 'restaurant']","671 N St Clair St, Chicago, IL 60611",Open ⋅ Closes 9 PM,(312) 642-0001,http://www.beatrixrestaurants.com/,"Modern dining, bar & coffee complex. Modern, all-day venue combining an American eatery, wine & cocktail bar & a bakery/cafe.","[{'service_options': ['Outdoor seating', 'No-contact delivery', 'Delivery', 'Onsite services', 'Takeout', 'Dine-in']}, {'highlights': ['Fast service', 'Great cocktails', 'Great coffee', 'Great dessert']}, {'popular_for': ['Breakfast', 'Lunch', 'Dinner', 'Solo dining']}, {'accessibility': ['Wheelchair accessible entrance', 'Wheelchair accessible restroom', 'Wheelchair accessible seating']}, {'offerings': ['Alcohol', 'Beer', 'Cocktails', 'Coffee', 'Comfort food', 'Happy hour drinks', 'Hard liquor', 'Healthy options', 'Private dining room', 'Quick bite', 'Small plates', 'Vegan options', 'Vegetarian options', 'Wine']}, {'dining_options': ['Breakfast', 'Brunch', 'Lunch', 'Dinner', 'Catering', 'Counter service', 'Dessert', 'Seating', 'Table service']}, {'amenities': ['Bar onsite', 'Restroom', 'Wi-Fi', 'Free Wi-Fi']}, {'atmosphere': ['Casual', 'Cozy', 'Lively', 'Trendy']}, {'crowd': ['Family-friendly', 'Groups', 'LGBTQ+ friendly', 'Tourists', 'Transgender safespace']}, {'planning': ['Brunch reservations recommended', 'Lunch reservations recommended', 'Dinner reservations recommended', 'Accepts reservations']}, {'payments': ['Credit cards', 'Debit cards', 'NFC mobile payments']}, {'children': ['Good for kids', 'Has changing table(s)', 'High chairs', ""Kids' menu""]}, {'parking': ['Paid parking garage', 'Paid street parking', 'Usually difficult to find a space']}, {'pets': ['Dogs allowed outside']}]","{'dine_in': True, 'takeout': True, 'no_contact_delivery': True}",https://www.google.com/maps/reserve/v/dine/c/cjTvnAkqQ5Q?source=pa&opi=79508299&hl=en-US&gei=_uMUad2hLsq_5OUP0N69GQ&sourceurl=https://www.google.com/service/MapsSearchService/Search?hl%3Den%26authuser%3D0%26gl%3Dus%26q%3Drestaurants%26tbm%3Dmap,"""Food is delicious, drinks as perfect, and the atmosphere is unmatched!""",https://lh3.googleusercontent.com/p/AF1QipNU6AnS-ijwslOLUtWSAuNOB4jA-vM0mnjkgRzE=w138-h92-k-no,https://serpapi.com/images/url/wKKjDXicuxmXUVJSUGylr5-TYayXnp-fnpNaWpxalJyfV5KaV6KXnJ-rX6Dv6GYYmFngF2rmmBesm5lVXpzj7xNaEh7sWOrn72SS5ahb5muQm5eVnR5U5WpbbmhsoZthaaSbrZuXDwCsziF5,"https://www.google.com/viewer/chooseprovider?mid=/g/11bwfmr4_j&g2lbs=AO8LyOKvjp0WUBNpkj1k6TD9Tp13Y14y_lQrlna4Cqci14Xi6OAlD2jkOlfTRxs13SPTVZt1SYCbGhRXFFLKLOID4ESqjyiK-g%3D%3D&hl=en-US&gl=us&fo_m=MfohQo559jFvMUOzJVpjPL1YMfZ3bInYwBDuMfaXTPp5KXh-&utm_source=tactile&gei=_uMUad2hLsq_5OUP0N69GQ&ei=_uMUad2hLsq_5OUP0N69GQ&fo_s=OA,SOE&opi=79508299&ebb=1&cs=0&foub=mcpp","[{'accessibility': ['Assistive hearing loop', 'Wheelchair accessible parking lot']}]"
7,The Gage,ChIJ5a8ra6QsDogRENtJLAp40AE,0x880e2ca46b2bafe5:0x1d0780a2c49db10,130736374281788176,https://serpapi.com/search.json?data_id=0x880e2ca46b2bafe5%3A0x1d0780a2c49db10&engine=google_maps_reviews&hl=en,https://serpapi.com/search.json?data_id=0x880e2ca46b2bafe5%3A0x1d0780a2c49db10&engine=google_maps_photos&hl=en,"{'latitude': 41.8813268, 'longitude': -87.6246925}",https://serpapi.com/search.json?engine=google_maps&google_domain=google.com&hl=en&place_id=ChIJ5a8ra6QsDogRENtJLAp40AE,/g/1hc4ljvmz,4.5,4852,$$$,American restaurant,"['American restaurant', 'Cocktail bar', 'Gastropub']",american_restaurant,"['american_restaurant', 'cocktail_bar', 'gastropub']","24 S Michigan Ave, Chicago, IL 60603",Open ⋅ Closes 11 PM,(312) 372-4243,http://www.thegagechicago.com/,"Upscale restaurant with an European-American fare. Refined cuisine with a selection of beers, wine, and cocktails in a lively space with Millennium Park views.","[{'service_options': ['Outdoor seating', 'No-contact delivery', 'Delivery', 'Takeout', 'Dine-in']}, {'highlights': ['Fast service', 'Great beer selection', 'Great cocktails', 'Great coffee', 'Great dessert', 'Great wine list', 'Serves local specialty']}, {'popular_for': ['Breakfast', 'Lunch', 'Dinner', 'Solo dining']}, {'accessibility': ['Wheelchair accessible entrance', 'Wheelchair accessible restroom', 'Wheelchair accessible seating']}, {'offerings': ['Alcohol', 'Beer', 'Cocktails', 'Coffee', 'Comfort food', 'Happy hour drinks', 'Hard liquor', 'Late-night food', 'Organic dishes', 'Private dining room', 'Small plates', 'Vegetarian options', 'Wine']}, {'dining_options': ['Breakfast', 'Brunch', 'Lunch', 'Dinner', 'Catering', 'Dessert', 'Seating', 'Table service']}, {'amenities': ['Bar onsite', 'Restroom', 'Wi-Fi', 'Free Wi-Fi']}, {'atmosphere': ['Cozy', 'Romantic', 'Trendy', 'Upscale']}, {'crowd': ['Family-friendly', 'Groups', 'LGBTQ+ friendly', 'Locals', 'Tourists', 'Transgender safespace']}, {'planning': ['Brunch reservations recommended', 'Lunch reservations recommended', 'Dinner reservations recommended', 'Accepts reservations', 'Usually a wait']}, {'payments': ['Credit cards', 'Debit cards', 'NFC mobile payments']}, {'children': ['High chairs']}, {'parking': ['Paid parking garage', 'Paid parking lot', 'Paid street parking', 'Usually difficult to find a space']}, {'pets': ['Dogs allowed outside']}]","{'dine_in': True, 'takeout': True, 'no_contact_delivery': True}",https://www.google.com/maps/reserve/v/dine/c/rvLajbvTHOU?source=pa&opi=79508299&hl=en-US&gei=_uMUad2hLsq_5OUP0N69GQ&sourceurl=https://www.google.com/service/MapsSearchService/Search?hl%3Den%26authuser%3D0%26gl%3Dus%26q%3Drestaurants%26tbm%3Dmap,"""The food was to die for and the drinks were made absolutely right.""",https://lh3.googleusercontent.com/p/AF1QipMGc1fSXz9DuXXg6Hy5Q5Sc2mw2NQXnty58FK9v=w170-h92-k-no,https://serpapi.com/images/url/tb4sB3icuxmXUVJSUGylr5-TYayXnp-fnpNaWpxalJyfV5KaV6KXnJ-rX6Dv6GYYmFng655smBYcUWXpUhoRkW7mUWkaaBqcbJRbbuQXGJFXUmlq4eZtWWZbbmhuoJthaaSbrZuXDwCdRiDl,,[{'accessibility': ['Wheelchair accessible parking lot']}]
8,The Hampton Social - Streeterville,ChIJBReOeSEtDogRtG7X4jctrOQ,0x880e2d21798e1705:0xe4ac2d37e2d76eb4,16477594854694022836,https://serpapi.com/search.json?data_id=0x880e2d21798e1705%3A0xe4ac2d37e2d76eb4&engine=google_maps_reviews&hl=en,https://serpapi.com/search.json?data_id=0x880e2d21798e1705%3A0xe4ac2d37e2d76eb4&engine=google_maps_photos&hl=en,"{'latitude': 41.8920666, 'longitude': -87.62291859999999}",https://serpapi.com/search.json?engine=google_maps&google_domain=google.com&hl=en&place_id=ChIJBReOeSEtDogRtG7X4jctrOQ,/g/11gltyf3bv,4.7,4786,$$,American restaurant,['American restaurant'],american_restaurant,['american_restaurant'],"164 E Grand Ave, Chicago, IL 60611",Open ⋅ Closes 10 PM,(312) 414-1861,https://www.thehamptonsocial.com/chicago-streeterville,"Coastal fare & cocktails in chic digs. Breezy hangout serving seafood & beach-themed cocktails in stylish, nautical surroundings.","[{'service_options': ['Outdoor seating', 'Delivery', 'Onsite services', 'Takeout', 'Dine-in']}, {'highlights': ['Fast service', 'Great beer selection', 'Great cocktails', 'Great coffee', 'Great wine list', 'Live music', 'Rooftop seating', 'Serves local specialty']}, {'popular_for': ['Breakfast', 'Lunch', 'Dinner', 'Solo dining']}, {'accessibility': ['Wheelchair accessible entrance', 'Wheelchair accessible restroom', 'Wheelchair accessible seating']}, {'offerings': ['Alcohol', 'Beer', 'Cocktails', 'Coffee', 'Comfort food', 'Happy hour drinks', 'Happy hour food', 'Hard liquor', 'Healthy options', 'Late-night food', 'Small plates', 'Vegetarian options', 'Wine']}, {'dining_options': ['Breakfast', 'Brunch', 'Lunch', 'Dinner', 'Dessert', 'Seating', 'Table service']}, {'amenities': ['Bar onsite', 'Restroom', 'Wi-Fi', 'Free Wi-Fi']}, {'atmosphere': ['Casual', 'Cozy', 'Trendy', 'Upscale']}, {'crowd': ['Groups', 'Tourists']}, {'planning': ['Brunch reservations recommended', 'Lunch reservations recommended', 'Dinner reservations recommended', 'Accepts reservations']}, {'payments': ['Credit cards', 'Debit cards', 'NFC mobile payments']}, {'children': ['High chairs', ""Kids' menu""]}, {'parking': ['Paid street parking']}]","{'dine_in': True, 'takeout': True, 'delivery': True}",https://www.google.com/maps/reserve/v/dine/c/GqWdrsl36ic?source=pa&opi=79508299&hl=en-US&gei=_uMUad2hLsq_5OUP0N69GQ&sourceurl=https://www.google.com/service/MapsSearchService/Search?hl%3Den%26authuser%3D0%26gl%3Dus%26q%3Drestaurants%26tbm%3Dmap,"""The waitress was very knowledgeable and recommended great food and drinks.""",https://lh3.googleusercontent.com/gps-cs-s/AG0ilSyn0BUD4wV0h_k8xB6r5t1hJC_ioOy48WMwagW_0bIsaA9Qj4QhsE1dLVsvH4DaglSzOPR-woKnn0Mv84IHLu1fEWdc-qFbFTZA-4tRTJReTSloZZnNZ5sq_of9giQJ6Nvoo698=w122-h92-k-no,https://serpapi.com/images/url/M-By2nicBcFJDoIwFADQE1UKVgImLnAWRwYlYUMQsUVrv_oriPfzEN7G935fofUd-4YhRbfDAbgsX1g-C1C6VLpTwM3gdyQFEjS8Ga1k1Co63I9Zc6Aiuzrvof3saVP4o6yCbcucZN3kPMnocYG55wYXFgicmKfVAes5G-dcRp_tLiQNLJWi69phi_nqZZ4nyakgj-lxGqceYTqM_bCMIwlpqjZpDx8ZnF1eBb69qQFs1xk0pmUR4VrkShT8Aaa-RA4,"https://www.google.com/viewer/chooseprovider?mid=/g/11gltyf3bv&g2lbs=AO8LyOJf8myfmeVugtjOzVV27Ivxf7MIPLpHPdwz2KsAeUow5bTxRbmscq1vc-VPDa-Hx6bXpoJ708ph5VUYJpBtI4uk3K4AZQ%3D%3D&hl=en-US&gl=us&fo_m=MfohQo559jFvMUOzJVpjPL1YMfZ3bInYwBDuMfaXTPp5KXh-&utm_source=tactile&gei=_uMUad2hLsq_5OUP0N69GQ&ei=_uMUad2hLsq_5OUP0N69GQ&fo_s=OA,SOE&opi=79508299&ebb=1&cs=0&foub=mcpp",
9,Saigon Sisters,ChIJY0qTp8gsDogRcTgsdABFPuM,0x880e2cc8a7934a63:0xe33e4500742c3871,16374601163417073777,https://serpapi.com/search.json?data_id=0x880e2cc8a7934a63%3A0xe33e4500742c3871&engine=google_maps_reviews&hl=en,https://serpapi.com/search.json?data_id=0x880e2cc8a7934a63%3A0xe33e4500742c3871&engine=google_maps_photos&hl=en,"{'latitude': 41.8855703, 'longitude': -87.6421656}",https://serpapi.com/search.json?engine=google_maps&google_domain=google.com&hl=en&place_id=ChIJY0qTp8gsDogRcTgsdABFPuM,/g/1tph29rl,4.7,2595,$$,Vietnamese restaurant,"['Vietnamese restaurant', 'Asian restaurant', 'French restaurant', 'Laotian restaurant', 'Pho restaurant', 'Southeast Asian restaurant', 'Thai restaurant', 'Wine bar']",vietnamese_restaurant,"['vietnamese_restaurant', 'asian_restaurant', 'french_restaurant', 'laotian_restaurant', 'pho_restaurant', 'south_east_asian_restaurant', 'thai_restaurant', 'wine_bar']","567 W Lake St, Chicago, IL 60661",Open ⋅ Closes 9 PM,(833) 998-6885,http://saigonsisters.com/,"Light Vietnamese fare at a casual locale. Relaxed Vietnamese mini-chain outpost serving a menu of banh mi sandwiches, bao buns & soups.","[{'from_the_business': ['Identifies as Asian-owned', 'Identifies as veteran-owned', 'Identifies as women-owned']}, {'service_options': ['Delivery', 'Onsite services', 'Takeout', 'Dine-in']}, {'highlights': ['Fast service', 'Great tea selection']}, {'popular_for': ['Lunch', 'Dinner', 'Solo dining']}, {'accessibility': ['Wheelchair accessible entrance', 'Wheelchair accessible restroom', 'Wheelchair accessible seating']}, {'offerings': ['Alcohol', 'Beer', 'Cocktails', 'Coffee', 'Comfort food', 'Halal food', 'Hard liquor', 'Healthy options', 'Late-night food', 'Organic dishes', 'Private dining room', 'Quick bite', 'Small plates', 'Vegan options', 'Vegetarian options', 'Wine']}, {'dining_options': ['Lunch', 'Dinner', 'Catering', 'Counter service', 'Dessert', 'Seating', 'Table service']}, {'amenities': ['Bar onsite', 'Restroom']}, {'atmosphere': ['Casual', 'Cozy', 'Trendy']}, {'crowd': ['Family-friendly', 'Groups', 'LGBTQ+ friendly', 'Tourists', 'Transgender safespace']}, {'planning': ['Reservations required', 'Dinner reservations recommended', 'Accepts reservations']}, {'payments': ['Credit cards', 'Debit cards', 'NFC mobile payments']}, {'parking': ['Paid street parking']}]","{'dine_in': True, 'takeout': True, 'delivery': True}",https://www.google.com/maps/reserve/v/dine/c/ebn3ACC0l9s?source=pa&opi=79508299&hl=en-US&gei=_uMUad2hLsq_5OUP0N69GQ&sourceurl=https://www.google.com/service/MapsSearchService/Search?hl%3Den%26authuser%3D0%26gl%3Dus%26q%3Drestaurants%26tbm%3Dmap,"""Delicious food, attentive service (get the brown butter banana cake)""",https://lh3.googleusercontent.com/gps-cs-s/AG0ilSy1L9fUvwPuoEzksEJ80YxsE4AJOrv7NZgHAWJyVeNkYs1POe49QzLPGVZd25jeHd1__BBHTySXx6SrfM5KsiZfwy8_-GYL8s1atrN-Sou84qyFSn3akF6Tfx3yrNOB5JRdZgbLKg=w122-h92-k-no,https://serpapi.com/images/url/rVQWNnicBcFbcoIwFADQFUUMD4XO9ANmEAYp0Eat8MMohKBQorlBiBt0De6m57xfrZQ3-NC0vjUWjHPW0xGoqPgg6SAXFf_T2A1QBQg0N1heeqJw7DT7x5SN3H924Ef2Mp_BN90oFY91UrDQ_Y3UgSZdDjhLqel8P-MsOBS1bl1pWOOy9Lxwp8hxXhHRfFlbuBTNpOwSBXlsAz5JkSDCR9u8qw0ZjFO3We2a2VAiST0r-qkLdo637HPCuo5aR0cdGvg_aK5FLw,"https://www.google.com/viewer/chooseprovider?mid=/g/1tph29rl&g2lbs=AO8LyOKM5UFi5b-uZEkdmQChNaTc6qpC_LRtVp4Q-CFb_z0d8oJpmrcJIpVHvHTzdGw_zToGEMd3O5d95jUylVFnMm6TxCDqCA%3D%3D&hl=en-US&gl=us&fo_m=MfohQo559jFvMUOzJVpjPL1YMfZ3bInYwBDuMfaXTPp5KXh-&utm_source=tactile&gei=_uMUad2hLsq_5OUP0N69GQ&ei=_uMUad2hLsq_5OUP0N69GQ&fo_s=OA,SOE&opi=79508299&ebb=1&cs=0&foub=mcpp",
10,Doc B's Restaurant (River North),ChIJ164utK0sDogRiAwE1he3T-c,0x880e2cadb42eaed7:0xe74fb717d6040c88,16667742058924215432,https://serpapi.com/search.json?data_id=0x880e2cadb42eaed7%3A0xe74fb717d6040c88&engine=google_maps_reviews&hl=en,https://serpapi.com/search.json?data_id=0x880e2cadb42eaed7%3A0xe74fb717d6040c88&engine=google_maps_photos&hl=en,"{'latitude': 41.891576, 'longitude': -87.62630329999999}",https://serpapi.com/search.json?engine=google_maps&google_domain=google.com&hl=en&place_id=ChIJ164utK0sDogRiAwE1he3T-c,/g/11bbrj6z42,4.7,2806,$20–30,American restaurant,"['American restaurant', 'Bar', 'Cocktail bar', 'Restaurant']",american_restaurant,"['american_restaurant', 'bar', 'cocktail_bar', 'restaurant']","55 E Grand Ave, Chicago, IL 60611",Open ⋅ Closes 10 PM,(312) 999-9300,https://docbsrestaurant.com/locations/chicago-river-north,"Seasonal American fare in sleek quarters. Small-chain American spot offering seasonal comfort food in stylish, contemporary surroundings.","[{'service_options': ['No-contact delivery', 'Delivery', 'Takeout', 'Dine-in']}, {'highlights': ['Fast service', 'Great beer selection', 'Great cocktails', 'Great dessert', 'Great wine list', 'Sports']}, {'popular_for': ['Lunch', 'Dinner', 'Solo dining']}, {'accessibility': ['Wheelchair accessible entrance', 'Wheelchair accessible restroom', 'Wheelchair accessible seating']}, {'offerings': ['Alcohol', 'Beer', 'Cocktails', 'Coffee', 'Comfort food', 'Happy hour drinks', 'Hard liquor', 'Healthy options', 'Late-night food', 'Organic dishes', 'Quick bite', 'Small plates', 'Vegetarian options', 'Wine']}, {'dining_options': ['Breakfast', 'Lunch', 'Dinner', 'Catering', 'Dessert', 'Seating', 'Table service']}, {'amenities': ['Bar onsite', 'Restroom', 'Wi-Fi', 'Free Wi-Fi']}, {'atmosphere': ['Casual', 'Cozy', 'Trendy']}, {'crowd': ['Family-friendly', 'Groups', 'Locals', 'Tourists']}, {'planning': ['Dinner reservations recommended', 'Accepts reservations']}, {'payments': ['Credit cards', 'Debit cards', 'NFC mobile payments']}, {'children': ['Good for kids', 'High chairs', ""Kids' menu""]}, {'parking': ['Paid parking garage', 'Paid street parking']}]","{'dine_in': True, 'takeout': True, 'no_contact_delivery': True}",https://www.google.com/maps/reserve/v/dine/c/L9aSkFR2Ghs?source=pa&opi=79508299&hl=en-US&gei=_uMUad2hLsq_5OUP0N69GQ&sourceurl=https://www.google.com/service/MapsSearchService/Search?hl%3Den%26authuser%3D0%26gl%3Dus%26q%3Drestaurants%26tbm%3Dmap,"""Jennifer provided outstanding service and the food and drinks were great.""",https://lh3.googleusercontent.com/gps-cs-s/AG0ilSxvtNNw4mgB_64z9vgfY0BeXHpKUsJ4r6CF7bfuyEDTTjKDBX7qNfigiAuFjKJ6nSi8McI0Kf25g2hDX3NBgax4BFq4_Ijl8Gpfs5_wSNF6UkSeztr8PqBZSuLl93wHYKLAIqkQtw=w122-h92-k-no,https://serpapi.com/images/url/8cTNlnicBcFdboIwAADgE1VYqQhLfKBjKNY1M9UE90I20pafSoEW67ygZ_A2ft_zUVs7mHfPU3WwkFpLxWfDp0r3lvd2UemLJwcDKgOMl2z8RrHb1VLq0EXiMkT3-CrF2ce82A7kZHZoCj-y1Z-Y_z_T47ElKS5WIxWNbJI5a8ku7FkTfVW5TwRcSlinRUCx_L0hnI2ozFsVbQZhlqVjNAtPHeN3O0XfI_5h817FgdueyT7Jx-5g3dq9QQjqGIIO9PoFTvFFDg,"https://www.google.com/viewer/chooseprovider?mid=/g/11bbrj6z42&g2lbs=AO8LyOKIQuJWqgkpbqAOlXTArviZc_uVARb-mUtn-dge0XKmcg3PonOxAJY7NkmRSJBwOdz68n2FK1B9RSX9FhGdPZsnqxqF9g%3D%3D&hl=en-US&gl=us&fo_m=MfohQo559jFvMUOzJVpjPL1YMfZ3bInYwBDuMfaXTPp5KXh-&utm_source=tactile&gei=_uMUad2hLsq_5OUP0N69GQ&ei=_uMUad2hLsq_5OUP0N69GQ&fo_s=OA,SOE&opi=79508299&ebb=1&cs=0&foub=mcpp",
11,Remington's,ChIJfecaS6QsDogRYoT-1zdAdJE,0x880e2ca44b1ae77d:0x91744037d7fe8462,10481072841389147234,https://serpapi.com/search.json?data_id=0x880e2ca44b1ae77d%3A0x91744037d7fe8462&engine=google_maps_reviews&hl=en,https://serpapi.com/search.json?data_id=0x880e2ca44b1ae77d%3A0x91744037d7fe8462&engine=google_maps_photos&hl=en,"{'latitude': 41.8826897, 'longitude': -87.6246716}",https://serpapi.com/search.json?engine=google_maps&google_domain=google.com&hl=en&place_id=ChIJfecaS6QsDogRYoT-1zdAdJE,/g/11b7qyvnw7,4.6,2608,$20–30,American restaurant,"['American restaurant', 'Bar & grill', 'Brunch restaurant', 'Fine dining restaurant', 'Steak house']",american_restaurant,"['american_restaurant', 'bar_and_grill', 'brunch_restaurant', 'fine_dining_restaurant', 'steak_house']","20 N Michigan Ave, Chicago, IL 60602",Open ⋅ Closes 9 PM,(312) 782-6000,http://www.remingtonschicago.com/?y_source=1_NDYzMDg0MTYtNzE1LWxvY2F0aW9uLndlYnNpdGU%3D,"Classic steakhouse with sleek decor. Traditional steakhouse fare and seafood in a stylish, modern setting with booths and fireplaces.","[{'service_options': ['Outdoor seating', 'Curbside pickup', 'No-contact delivery', 'Delivery', 'Takeout', 'Dine-in']}, {'highlights': ['Fast service', 'Fireplace', 'Great beer selection', 'Great cocktails', 'Great coffee', 'Great dessert', 'Great wine list', 'Sports']}, {'popular_for': ['Lunch', 'Dinner', 'Solo dining']}, {'accessibility': ['Wheelchair accessible entrance', 'Wheelchair accessible parking lot', 'Wheelchair accessible restroom', 'Wheelchair accessible seating']}, {'offerings': ['Alcohol', 'Beer', 'Cocktails', 'Coffee', 'Comfort food', 'Happy hour drinks', 'Happy hour food', 'Hard liquor', 'Late-night food', 'Private dining room', 'Small plates', 'Vegetarian options', 'Wine']}, {'dining_options': ['Brunch', 'Lunch', 'Dinner', 'Catering', 'Dessert', 'Seating', 'Table service']}, {'amenities': ['Bar onsite', 'Gender-neutral restroom', 'Restroom', 'Wi-Fi', 'Free Wi-Fi']}, {'atmosphere': ['Cozy', 'Romantic', 'Trendy', 'Upscale']}, {'crowd': ['Family-friendly', 'Groups', 'LGBTQ+ friendly', 'Tourists', 'Transgender safespace']}, {'planning': ['Brunch reservations recommended', 'Lunch reservations recommended', 'Dinner reservations recommended', 'Accepts reservations']}, {'payments': ['Credit cards', 'Debit cards', 'NFC mobile payments']}, {'children': ['High chairs', ""Kids' menu""]}, {'parking': ['Paid parking garage', 'Usually difficult to find a space']}, {'pets': ['Dogs allowed outside']}]","{'dine_in': True, 'curbside_pickup': True, 'no_contact_delivery': True}",https://www.google.com/maps/reserve/v/dine/c/h9CdX7_Q78w?source=pa&opi=79508299&hl=en-US&gei=_uMUad2hLsq_5OUP0N69GQ&sourceurl=https://www.google.com/service/MapsSearchService/Search?hl%3Den%26authuser%3D0%26gl%3Dus%26q%3Drestaurants%26tbm%3Dmap,"""The food + drinks were delicious, and the service was great.""",https://lh3.googleusercontent.com/p/AF1QipPJnsXW8JX_5t4V54Xh1GIUrXyvZTY2jExBbU2S=w138-h92-k-no,https://serpapi.com/images/url/d8mBTXicuxmXUVJSUGylr5-TYayXnp-fnpNaWpxalJyfV5KaV6KXnJ-rX6Dv6GYYmFkQ4JVXHBFu4RURb1piEmZqEpFh6O4ZWhRRWRYVEmmU5VrhlBRqFGxbbmhsoZthaaSbrZuXDwCdGSDq,"https://www.google.com/viewer/chooseprovider?mid=/g/11b7qyvnw7&g2lbs=AO8LyOLs-ktShzsiFob4WJYKsmovAPvpwZBAU_n7ot_86UsDJKyKqpMcuPeiKAUGQJkNuP5xM20ppXL53mK3V1QOgPy7gDXMEA%3D%3D&hl=en-US&gl=us&fo_m=MfohQo559jFvMUOzJVpjPL1YMfZ3bInYwBDuMfaXTPp5KXh-&utm_source=tactile&gei=_uMUad2hLsq_5OUP0N69GQ&ei=_uMUad2hLsq_5OUP0N69GQ&fo_s=OA,SOE&opi=79508299&ebb=1&cs=0&foub=mcpp",
12,Quartino Ristorante,ChIJqfIkY60sDogRMP2otSWdKJA,0x880e2cad6324f2a9:0x90289d25b5a8fd30,10387725325817150768,https://serpapi.com/search.json?data_id=0x880e2cad6324f2a9%3A0x90289d25b5a8fd30&engine=google_maps_reviews&hl=en,https://serpapi.com/search.json?data_id=0x880e2cad6324f2a9%3A0x90289d25b5a8fd30&engine=google_maps_photos&hl=en,"{'latitude': 41.8935763, 'longitude': -87.6284713}",https://serpapi.com/search.json?engine=google_maps&google_domain=google.com&hl=en&place_id=ChIJqfIkY60sDogRMP2otSWdKJA,/g/1wj_tvz1,4.6,11749,$$,Italian restaurant,"['Italian restaurant', 'Pizza restaurant', 'Wine bar']",italian_restaurant,"['italian_restaurant', 'pizza_restaurant', 'wine_bar']","626 N State St, Chicago, IL 60654",Open ⋅ Closes 12:30 AM,(312) 698-5000,https://quartinoristorante.com/,"Italian eatery with big & small plates. Bustling, bi-level space where groups go for small & large plates plus cocktails & carafes of wine.","[{'service_options': ['Dine-in']}, {'highlights': ['Fast service', 'Great cocktails', 'Great coffee', 'Great wine list', 'Serves local specialty']}, {'popular_for': ['Lunch', 'Dinner', 'Solo dining']}, {'accessibility': ['Wheelchair accessible entrance', 'Wheelchair accessible restroom', 'Wheelchair accessible seating']}, {'offerings': ['Alcohol', 'Beer', 'Cocktails', 'Coffee', 'Hard liquor', 'Healthy options', 'Private dining room', 'Vegetarian options', 'Wine']}, {'dining_options': ['Lunch', 'Dinner', 'Table service']}, {'atmosphere': ['Casual', 'Cozy', 'Romantic', 'Trendy', 'Upscale']}, {'crowd': ['Groups', 'Tourists']}, {'planning': ['Lunch reservations recommended', 'Dinner reservations recommended', 'Accepts reservations', 'Usually a wait']}, {'payments': ['Credit cards']}, {'parking': ['Paid street parking']}]","{'dine_in': True, 'takeout': False, 'delivery': False}",https://www.google.com/maps/reserve/v/dine/c/O1nhkOCpEow?source=pa&opi=79508299&hl=en-US&gei=_uMUad2hLsq_5OUP0N69GQ&sourceurl=https://www.google.com/service/MapsSearchService/Search?hl%3Den%26authuser%3D0%26gl%3Dus%26q%3Drestaurants%26tbm%3Dmap,"""The steak, Beef short rib, and risotto were all amazing!""",https://lh3.googleusercontent.com/p/AF1QipOy7MtbQ2k9WBZ0PIqGlhkjOgjPpShP_AVf16XM=w135-h92-k-no,https://serpapi.com/images/url/-SMwwHicuxmXUVJSUGylr5-TYayXnp-fnpNaWpxalJyfV5KaV6KXnJ-rX6Dv6GYYmFngX2nuW5IUaJRtGe4UZRDgWeiek5Gd5Z-eFVAQnBEQ7xiWZmgW4WtbbmhsqpthaaSbrZuXDwCopiE0,"https://www.google.com/viewer/chooseprovider?mid=/g/1wj_tvz1&g2lbs=AO8LyOJ5ZybSI05jezIWuoXhP0rNkTQZdY-55RsWXvH-VGhzzbqQ52lAweW0W84kPRhGRl3eN2HRM5GAhNfsI8H-p3t7v31l1Q%3D%3D&hl=en-US&gl=us&fo_m=MfohQo559jFvMUOzJVpjPL1YMfZ3bInYwBDuMfaXTPp5KXh-&utm_source=tactile&gei=_uMUad2hLsq_5OUP0N69GQ&ei=_uMUad2hLsq_5OUP0N69GQ&fo_s=OA,SOE&opi=79508299&ebb=1&cs=0&foub=mcpp","[{'service_options': ['Delivery', 'Takeout']}, {'accessibility': ['Assistive hearing loop', 'Wheelchair accessible parking lot']}, {'amenities': ['Restroom']}]"
13,S2 Express Grill Downtown,ChIJ6zRWo2ktDogRzyyoW3jwGY0,0x880e2d69a35634eb:0x8d19f0785ba82ccf,10167422033490095311,https://serpapi.com/search.json?data_id=0x880e2d69a35634eb%3A0x8d19f0785ba82ccf&engine=google_maps_reviews&hl=en,https://serpapi.com/search.json?data_id=0x880e2d69a35634eb%3A0x8d19f0785ba82ccf&engine=google_maps_photos&hl=en,"{'latitude': 41.8763521, 'longitude': -87.6309678}",https://serpapi.com/search.json?engine=google_maps&google_domain=google.com&hl=en&place_id=ChIJ6zRWo2ktDogRzyyoW3jwGY0,/g/11trq3k_7s,4.9,1922,$10–20,Restaurant,['Restaurant'],restaurant,['restaurant'],"420 S Clark St, Chicago, IL 60605",Open ⋅ Closes 12 AM,(312) 265-0595,http://www.s2expressgrill.com/,,"[{'service_options': ['Curbside pickup', 'No-contact delivery', 'Delivery', 'Takeout', 'Dine-in']}, {'highlights': ['Fast service', 'Serves local specialty']}, {'popular_for': ['Lunch', 'Dinner', 'Solo dining']}, {'accessibility': ['Wheelchair accessible entrance', 'Wheelchair accessible seating']}, {'offerings': ['Alcohol', 'Coffee', 'Comfort food', 'Halal food', 'Late-night food', 'Quick bite', 'Vegetarian options']}, {'dining_options': ['Breakfast', 'Lunch', 'Dinner', 'Catering', 'Counter service', 'Dessert', 'Seating']}, {'amenities': ['Bar onsite']}, {'atmosphere': ['Casual', 'Trendy']}, {'crowd': ['Family-friendly', 'Groups', 'LGBTQ+ friendly', 'Tourists', 'Transgender safespace']}, {'planning': ['Accepts reservations']}, {'payments': ['Credit cards', 'Debit cards', 'NFC mobile payments']}, {'children': [""Kids' menu""]}, {'parking': ['Usually plenty of parking']}]","{'dine_in': True, 'curbside_pickup': True, 'no_contact_delivery': True}",,"""Food is delicious and service is top tier, our hostess unique was amazing""",https://lh3.googleusercontent.com/gps-cs-s/AG0ilSxef5kdVWeRLPcSofm24e9lbECcqHF-nIEl-L8nTzGNOYs9kjSi5WeHN9HVUdMAMicIVGgcqFk23Blq_qzjU1Wk03cpfX9SCJ-pycb_51nLBZCRr9Of5nVMKVfds6jCl2EsDGqV=w80-h106-k-no,https://serpapi.com/images/url/HpqpNHicBcFbEsEwFADQFUVfasSMD6patBglxY8Zt0kfiaSRGo_9WYTdOOf3rbquNSPLEpXXK5UqBX0YegclOyq7HqibVbYGgUHGmkR2LbIXZT4vSE53yRYyxW5un2JxDQPQ8RzJRShQMpT7T7TenAzmTVb7OY3XOCaHIp2kNSxIVIKec9ebCn3Rn-bg5Nz2oGVHnAVL1L7hevEdmUzPwe6ON8yXJF0RVphBEwg3NLNIk_FzaKPKsQeII6n-vg1EBg,"https://www.google.com/viewer/chooseprovider?mid=/g/11trq3k_7s&g2lbs=AO8LyOISc1Db_jHySpxuQtE1hXLSqtuXpZrUWFVl9mvnxySehoDehfweo8VNf1bOUI1gLyfEVhGyCyVBG60lA9sNCx6BNulRPA%3D%3D&hl=en-US&gl=us&fo_m=MfohQo559jFvMUOzJVpjPL1YMfZ3bInYwBDuMfaXTPp5KXh-&utm_source=tactile&gei=_uMUad2hLsq_5OUP0N69GQ&ei=_uMUad2hLsq_5OUP0N69GQ&fo_s=OA,SOE&opi=79508299&ebb=1&cs=0&foub=mcpp",
14,Acanto,ChIJKysZP6QsDogRAF-guhg55ws,0x880e2ca43f192b2b:0xbe73918baa05f00,857717032410439424,https://serpapi.com/search.json?data_id=0x880e2ca43f192b2b%3A0xbe73918baa05f00&engine=google_maps_reviews&hl=en,https://serpapi.com/search.json?data_id=0x880e2ca43f192b2b%3A0xbe73918baa05f00&engine=google_maps_photos&hl=en,"{'latitude': 41.8814741, 'longitude': -87.6246755}",https://serpapi.com/search.json?engine=google_maps&google_domain=google.com&hl=en&place_id=ChIJKysZP6QsDogRAF-guhg55ws,/g/11b5wkgty1,4.5,1098,$50–100,Italian restaurant,"['Italian restaurant', 'Cocktail bar', 'Wine bar']",italian_restaurant,"['italian_restaurant', 'cocktail_bar', 'wine_bar']","18 S Michigan Ave, Chicago, IL 60603",Open ⋅ Closes 10 PM,(312) 578-0763,https://www.acantochicago.com/,"Casual Italian dining & a big wine list. Salumi, pizza, pasta & other Italian fare plus cocktails & a large wine list in a relaxed setting.","[{'service_options': ['Outdoor seating', 'Curbside pickup', 'No-contact delivery', 'Delivery', 'Takeout', 'Dine-in']}, {'highlights': ['Great cocktails', 'Great coffee', 'Great dessert', 'Great wine list', 'Live music', 'Serves local specialty']}, {'popular_for': ['Lunch', 'Dinner', 'Solo dining']}, {'accessibility': ['Wheelchair accessible entrance', 'Wheelchair accessible restroom', 'Wheelchair accessible seating']}, {'offerings': ['Alcohol', 'Beer', 'Cocktails', 'Coffee', 'Comfort food', 'Happy hour drinks', 'Hard liquor', 'Vegetarian options', 'Wine']}, {'dining_options': ['Brunch', 'Lunch', 'Dinner', 'Dessert', 'Seating', 'Table service']}, {'amenities': ['Bar onsite', 'Restroom', 'Wi-Fi', 'Free Wi-Fi']}, {'atmosphere': ['Cozy', 'Romantic', 'Trendy', 'Upscale']}, {'crowd': ['Family-friendly', 'Groups', 'LGBTQ+ friendly', 'Tourists', 'Transgender safespace']}, {'planning': ['Brunch reservations recommended', 'Lunch reservations recommended', 'Dinner reservations recommended', 'Accepts reservations']}, {'payments': ['Debit cards', 'NFC mobile payments']}, {'children': ['High chairs']}, {'parking': ['Paid street parking', 'Usually difficult to find a space']}]","{'dine_in': True, 'curbside_pickup': True, 'no_contact_delivery': True}",https://www.google.com/maps/reserve/v/dine/c/9sbjH1h65hQ?source=pa&opi=79508299&hl=en-US&gei=_uMUad2hLsq_5OUP0N69GQ&sourceurl=https://www.google.com/service/MapsSearchService/Search?hl%3Den%26authuser%3D0%26gl%3Dus%26q%3Drestaurants%26tbm%3Dmap,"""Delicious entrees, outstanding drink menu, friendly and talented bartenders.""",https://lh3.googleusercontent.com/gps-cs-s/AG0ilSy6H0eZWy-ddQX5jffP1zRZ7ZHyrXscLC73dScJqOc8F_77r-NqNK8tKyOWapefu1uU-Vr8Oa0Mc1anwrOQrc0l0foha8XXAmTyeruKRrZVHjYm5BHSMlwHPzWPz17W0oXT0Rn1=w148-h92-k-no,https://serpapi.com/images/url/-gvArXicBcFdboIwAADgE1Vaf9a6xAc02ZqhgqBSeVlIKTAtLbYlpNzPQ-w2ft__q3Wut59BINvFrNG6kWKwwnCtnFBuxnUXNL0F3AIbhN_wT2b-g0JR5B5U1Ymt7nWdoCktcEG9YZbvd3hRZfznGXPy9YuxAcfnMSIu8nFe9qIe0HABV0PiEh44KtVo4pPhUMJatyVhLOzOXpghSk1xpfdbt9rS7CBHmkx5MiGcQ83OMFVoM6IlAe16Dh5A6TfXAkSo,"https://www.google.com/viewer/chooseprovider?mid=/g/11b5wkgty1&g2lbs=AO8LyOK_JHHXkJHMtJ0xbAXlwv-yIoVvY7rfFPUJOfBsxNEEO98Wf4rUeZq_VTSQK59bAKf_OugxnrsagYYJowgbEU0T93ll9w%3D%3D&hl=en-US&gl=us&fo_m=MfohQo559jFvMUOzJVpjPL1YMfZ3bInYwBDuMfaXTPp5KXh-&utm_source=tactile&gei=_uMUad2hLsq_5OUP0N69GQ&ei=_uMUad2hLsq_5OUP0N69GQ&fo_s=OA,SOE&opi=79508299&ebb=1&cs=0&foub=mcpp",
15,POLOMBIA,ChIJQ7BrowYtDogROp_cGiPanQU,0x880e2d06a36bb043:0x59dda231adc9f3a,404719385842589498,https://serpapi.com/search.json?data_id=0x880e2d06a36bb043%3A0x59dda231adc9f3a&engine=google_maps_reviews&hl=en,https://serpapi.com/search.json?data_id=0x880e2d06a36bb043%3A0x59dda231adc9f3a&engine=google_maps_photos&hl=en,"{'latitude': 41.882336099999996, 'longitude': -87.6403662}",https://serpapi.com/search.json?engine=google_maps&google_domain=google.com&hl=en&place_id=ChIJQ7BrowYtDogROp_cGiPanQU,/g/11l3j4d19s,4.6,341,$10–20,Restaurant,['Restaurant'],restaurant,['restaurant'],"500 W Madison St, Chicago, IL 60661",Open ⋅ Closes 8 PM,(872) 265-1260,http://www.polombiachi.com/,Simple option with Polish-Colombian fare. Hearty Polish-Colombian fusion offerings provided in unpretentious surroundings.,"[{'from_the_business': ['Identifies as Black-owned', 'Identifies as Latino-owned', 'Identifies as women-owned']}, {'service_options': ['No-contact delivery', 'Delivery', 'Takeout', 'Dine-in']}, {'highlights': ['Serves local specialty']}, {'accessibility': ['Wheelchair accessible entrance', 'Wheelchair accessible restroom', 'Wheelchair accessible seating']}, {'offerings': ['Alcohol', 'Beer', 'Cocktails', 'Comfort food', 'Happy hour drinks', 'Hard liquor', 'Healthy options', 'Quick bite', 'Small plates', 'Vegan options', 'Vegetarian options', 'Wine']}, {'dining_options': ['Breakfast', 'Lunch', 'Dinner', 'Catering', 'Counter service', 'Dessert', 'Seating', 'Table service']}, {'amenities': ['Bar onsite', 'Restroom']}, {'crowd': ['Family-friendly', 'LGBTQ+ friendly', 'Locals', 'Tourists', 'Transgender safespace']}, {'payments': ['Debit cards', 'NFC mobile payments']}, {'children': ['Good for kids', 'High chairs']}, {'parking': ['Paid parking garage', 'Paid street parking']}]","{'dine_in': True, 'takeout': True, 'no_contact_delivery': True}",,"""The food, service and creativity of the dishes are truly exceptional.""",https://lh3.googleusercontent.com/gps-cs-s/AG0ilSy7rtIZC6K-bhle9raRZAhng3zVy_DJm7nLu2eXzU3ufMXz8PU6gKrzRkU0nRPCuJprlXTXCJ-Z1iqza5F78lvvkCNijttN40gVn1FpgO0y_SOBbS0NumsUBHDBoFSrEpXIkdIAkg=w122-h92-k-no,https://serpapi.com/images/url/jeMsq3icBcFdboIwAADgE1UKbKImewAcDpxoYJiGF6Ostqyl7frjQi-4M-w2-76_X2qtMpsg4DReECkJx85gPUhhsbCLQU4BUQYMBpgg3cGRt3Oibdnnyz24UY7X-tr0KRUk9uf5sq2mRLy7CCPfxe5-QH516pZkr33DOiiaU-4qpTn6QHkF-nD89tfnIlnxx4Pl9fhlbf0EyVmEhSJHOF_aY3ZrYe0m02Vv20wWrX5VqGSfZcrIy08YRYCuI8CAkP-3yUYV,"https://www.google.com/viewer/chooseprovider?mid=/g/11l3j4d19s&g2lbs=AO8LyOIVpz5vWeiFQDHQoI7TmPxKDLRBLPEE_0XJVkHbL0OMgVJVznwHFgfpKlpkp9HP0A4wlnFmWiu_rHQ2KGmzHQEiuJmo3Q%3D%3D&hl=en-US&gl=us&fo_m=MfohQo559jFvMUOzJVpjPL1YMfZ3bInYwBDuMfaXTPp5KXh-&utm_source=tactile&gei=_uMUad2hLsq_5OUP0N69GQ&ei=_uMUad2hLsq_5OUP0N69GQ&fo_s=OA,SOE&opi=79508299&ebb=1&cs=0&foub=mcpp",
16,AO Hawaiian Hideout,ChIJ701K0oQsDogRkkMeLppqQQ0,0x880e2c84d24a4def:0xd416a9a2e1e4392,955161806410498962,https://serpapi.com/search.json?data_id=0x880e2c84d24a4def%3A0xd416a9a2e1e4392&engine=google_maps_reviews&hl=en,https://serpapi.com/search.json?data_id=0x880e2c84d24a4def%3A0xd416a9a2e1e4392&engine=google_maps_photos&hl=en,"{'latitude': 41.8653142, 'longitude': -87.6255363}",https://serpapi.com/search.json?engine=google_maps&google_domain=google.com&hl=en&place_id=ChIJ701K0oQsDogRkkMeLppqQQ0,/g/1yfjshg_m,4.5,1245,$20–30,Restaurant,"['Restaurant', 'Bar', 'Chinese restaurant', 'Hawaiian restaurant', 'Japanese restaurant', 'Sushi restaurant', 'Thai restaurant', 'Vegan restaurant', 'Vegetarian restaurant']",restaurant,"['restaurant', 'bar', 'chinese_restaurant', 'hawaiian_restaurant', 'japanese_restaurant', 'sushi_restaurant', 'thai_restaurant', 'vegan_restaurant', 'vegetarian_restaurant']","1315 S Wabash Ave, Chicago, IL 60605",Open ⋅ Closes 8:30 PM,(312) 662-1100,http://www.aohawaiianhideout.com/,"Asian & Hawaiian cuisine with live music. Colorful eatery with a tropical vibe featuring a mix of Asian cuisines & cocktails, plus live music.","[{'from_the_business': ['Identifies as women-owned']}, {'service_options': ['Outdoor seating', 'Curbside pickup', 'No-contact delivery', 'Delivery', 'Takeout', 'Dine-in']}, {'highlights': ['Fast service', 'Great beer selection', 'Great cocktails', 'Great tea selection']}, {'popular_for': ['Lunch', 'Dinner', 'Solo dining']}, {'accessibility': ['Wheelchair accessible entrance', 'Wheelchair accessible restroom', 'Wheelchair accessible seating']}, {'offerings': ['Alcohol', 'Beer', 'Cocktails', 'Comfort food', 'Happy hour drinks', 'Happy hour food', 'Hard liquor', 'Healthy options', 'Quick bite', 'Small plates', 'Vegan options', 'Vegetarian options', 'Wine']}, {'dining_options': ['Brunch', 'Lunch', 'Dinner', 'Catering', 'Dessert', 'Seating', 'Table service']}, {'amenities': ['Bar onsite', 'Restroom']}, {'atmosphere': ['Casual', 'Cozy', 'Trendy']}, {'crowd': ['Family-friendly', 'Groups', 'LGBTQ+ friendly', 'Tourists', 'Transgender safespace']}, {'planning': ['Accepts reservations']}, {'payments': ['Credit cards', 'Debit cards', 'NFC mobile payments']}, {'children': ['Good for kids', 'High chairs', ""Kids' menu""]}, {'parking': ['Paid street parking']}]","{'dine_in': True, 'curbside_pickup': True, 'no_contact_delivery': True}",,"""The food was delicious perfection and the cocktails were amazing!""",https://lh3.googleusercontent.com/gps-cs-s/AG0ilSzqI3AGX7fg5L4dVIi71B2ft4bVD95Qrm7bcCp1odnEYIwXqHfzScZmi6X_wj1pHmRu_YDZmnLylWyXqefknpUtAgDIdjB7hiVlh9EhgL1_bS5OzA9B3qA0uBkFObxJBI9RM5vU=w122-h92-k-no,https://serpapi.com/images/url/_yVMOXicBcHbboIwAADQL6pYEEmX7KEdXrqwmElk6AsJBVqkN2wZk__bR-xvds7fr_DeupcgkCJacWO4bCfXPpjRvtV-xYwKuHWAOeACfFj3Ml9GGuFDmXQ8zjZNQfsEkrDzm7pIUfz5UEnN3iw0jd5d6VyOx27J2U3127Ka79Ae1XmqrulN6ewpv57l2HaDthePeUqbO0lEX0iBdoJnsKrz-LRgRKIRrycy7E_1zzuh6PwRf19eZxiGQKAQDECbf-HdRMQ,"https://www.google.com/viewer/chooseprovider?mid=/g/1yfjshg_m&g2lbs=AO8LyOKEbkMDsbiWv7oF5VoMaqJ8RDQ8GlUhX5BjhEX0mm4eI2jDw7WEXCkI6j3aAeU_CklL-EQlNaWrr6ILsO5qYKNhZLGGRQ%3D%3D&hl=en-US&gl=us&fo_m=MfohQo559jFvMUOzJVpjPL1YMfZ3bInYwBDuMfaXTPp5KXh-&utm_source=tactile&gei=_uMUad2hLsq_5OUP0N69GQ&ei=_uMUad2hLsq_5OUP0N69GQ&fo_s=OA,SOE&opi=79508299&ebb=1&cs=0&foub=mcpp",[{'accessibility': ['Wheelchair accessible parking lot']}]
17,Wildberry Pancakes and Cafe,ChIJQaMwp1XTD4gRLwq4OgyGqkI,0x880fd355a730a341:0x42aa860c3ab80a2f,4803799339626924591,https://serpapi.com/search.json?data_id=0x880fd355a730a341%3A0x42aa860c3ab80a2f&engine=google_maps_reviews&hl=en,https://serpapi.com/search.json?data_id=0x880fd355a730a341%3A0x42aa860c3ab80a2f&engine=google_maps_photos&hl=en,"{'latitude': 41.8977357, 'longitude': -87.6220889}",https://serpapi.com/search.json?engine=google_maps&google_domain=google.com&hl=en&place_id=ChIJQaMwp1XTD4gRLwq4OgyGqkI,/g/11f3b0yz_r,4.6,4436,$20–30,Pancake restaurant,"['Pancake restaurant', 'Breakfast restaurant', 'Restaurant']",pancake_house,"['pancake_house', 'breakfast_restaurant', 'restaurant']","196 E Pearson St, Chicago, IL 60611",Closes soon ⋅ 2 PM ⋅ Opens 7 AM Thu,(312) 470-0590,http://wildberrycafe.com/,"American eats for breakfast & lunch. Bustling, family-oriented eatery features American breakfasts & lunches in a smart setting.","[{'service_options': ['Outdoor seating', 'No-contact delivery', 'Delivery', 'Takeout', 'Dine-in']}, {'highlights': ['Great coffee', 'Great dessert', 'Serves local specialty']}, {'popular_for': ['Breakfast', 'Lunch', 'Solo dining']}, {'accessibility': ['Wheelchair accessible entrance', 'Wheelchair accessible restroom', 'Wheelchair accessible seating']}, {'offerings': ['Coffee', 'Comfort food', 'Healthy options', 'Quick bite', 'Small plates', 'Vegetarian options']}, {'dining_options': ['Breakfast', 'Brunch', 'Lunch', 'Catering', 'Dessert', 'Seating', 'Table service']}, {'amenities': ['Restroom']}, {'atmosphere': ['Casual', 'Cozy', 'Lively', 'Trending', 'Trendy']}, {'crowd': ['College students', 'Family-friendly', 'Groups', 'Tourists']}, {'planning': ['Brunch reservations recommended', 'Accepts reservations', 'Usually a wait']}, {'payments': ['Credit cards', 'Debit cards', 'NFC mobile payments']}, {'children': ['Good for kids', 'High chairs', ""Kids' menu""]}, {'parking': ['Paid street parking', 'Usually difficult to find a space']}]","{'dine_in': True, 'takeout': True, 'no_contact_delivery': True}",https://www.google.com/maps/reserve/v/dine/c/_0AHeltpjt0?source=pa&opi=79508299&hl=en-US&gei=_uMUad2hLsq_5OUP0N69GQ&sourceurl=https://www.google.com/service/MapsSearchService/Search?hl%3Den%26authuser%3D0%26gl%3Dus%26q%3Drestaurants%26tbm%3Dmap,"""Everything about our experience was top-tier—from the food to the service.""",https://lh3.googleusercontent.com/p/AF1QipM3SVPck6m849RVxD92n27YyPQ5mDu7wJP6K-lv=w137-h92-k-no,https://serpapi.com/images/url/52MDfnicuxmXUVJSUGylr5-TYayXnp-fnpNaWpxalJyfV5KaV6KXnJ-rX6Dv6GYYmFngaxwcFpCcbZZrYWIZFFbhYmmUZ2QeWRkQaJrrUmpe7hVg5q2bU2ZbbmhsrpthaaSbrZuXDwCGtiBY,"https://www.google.com/viewer/chooseprovider?mid=/g/11f3b0yz_r&g2lbs=AO8LyOKrS7tSEtXOR0R_2tXxUpLJ-49yRTWs1T4Yj2hoMgfViSJm9fyoG-N5_8vgEUCZl4UcuJFs4Iw_ME1IqMk5yRleV3aGMw%3D%3D&hl=en-US&gl=us&fo_m=MfohQo559jFvMUOzJVpjPL1YMfZ3bInYwBDuMfaXTPp5KXh-&utm_source=tactile&gei=_uMUad2hLsq_5OUP0N69GQ&ei=_uMUad2hLsq_5OUP0N69GQ&fo_s=OA,SOE&opi=79508299&ebb=1&cs=0&foub=mcpp",
18,Il Porcellino,ChIJJ3QOj7EsDogRnP9Ty8gAjlU,0x880e2cb18f0e7427:0x558e00c8cb53ff9c,6164865802321526684,https://serpapi.com/search.json?data_id=0x880e2cb18f0e7427%3A0x558e00c8cb53ff9c&engine=google_maps_reviews&hl=en,https://serpapi.com/search.json?data_id=0x880e2cb18f0e7427%3A0x558e00c8cb53ff9c&engine=google_maps_photos&hl=en,"{'latitude': 41.889951499999995, 'longitude': -87.6302966}",https://serpapi.com/search.json?engine=google_maps&google_domain=google.com&hl=en&place_id=ChIJJ3QOj7EsDogRnP9Ty8gAjlU,/g/11cnnw6jm_,4.7,3723,$30–50,Italian restaurant,['Italian restaurant'],italian_restaurant,['italian_restaurant'],"59 W Hubbard St #2, Chicago, IL 60654",Closed ⋅ Opens 4 PM,(312) 595-0800,http://ilporcellinochicago.com/,"Lively Italian restaurant and bar. Casual-chic, vibrant spot for housemade pastas, Italian specials, and wine.","[{'service_options': ['Outdoor seating', 'Curbside pickup', 'No-contact delivery', 'Delivery', 'Takeout', 'Dine-in']}, {'highlights': ['Fast service', 'Great cocktails', 'Great coffee', 'Great dessert', 'Great wine list']}, {'popular_for': ['Lunch', 'Dinner', 'Solo dining']}, {'accessibility': ['Wheelchair accessible entrance', 'Wheelchair accessible restroom', 'Wheelchair accessible seating']}, {'offerings': ['Alcohol', 'Beer', 'Cocktails', 'Coffee', 'Comfort food', 'Happy hour drinks', 'Happy hour food', 'Hard liquor', 'Private dining room', 'Small plates', 'Vegetarian options', 'Wine']}, {'dining_options': ['Lunch', 'Dinner', 'Catering', 'Dessert', 'Seating', 'Table service']}, {'amenities': ['Bar onsite', 'Gender-neutral restroom', 'Restroom', 'Wi-Fi', 'Free Wi-Fi']}, {'atmosphere': ['Casual', 'Cozy', 'Romantic', 'Trendy']}, {'crowd': ['Family-friendly', 'Groups', 'LGBTQ+ friendly', 'Tourists', 'Transgender safespace']}, {'planning': ['Dinner reservations recommended', 'Accepts reservations']}, {'payments': ['Credit cards', 'Debit cards', 'NFC mobile payments']}, {'children': ['Good for kids', 'High chairs']}, {'parking': ['Paid parking garage', 'Paid street parking', 'Valet parking']}]","{'dine_in': True, 'curbside_pickup': True, 'no_contact_delivery': True}",https://www.google.com/maps/reserve/v/dine/c/6sBaxtBm-Lg?source=pa&opi=79508299&hl=en-US&gei=_uMUad2hLsq_5OUP0N69GQ&sourceurl=https://www.google.com/service/MapsSearchService/Search?hl%3Den%26authuser%3D0%26gl%3Dus%26q%3Drestaurants%26tbm%3Dmap,"""The food was delicious, and the atmosphere was very relaxed and enjoyable.""",https://lh3.googleusercontent.com/gps-cs-s/AG0ilSwAQIekviVANR_eKGUjngy-JZIbMnva7brm0mT12u8F41AqbXmwaFiNCR2kHZvhd0KtIsGSYk0mrN3avihe8Yxg3qyvKKvDRJkQxAGCGvRt7mTHrQIg29zb5RUPTzPl1R7qL9Cy=w137-h92-k-no,https://serpapi.com/images/url/QuQEhXicBcFdboIwAADgE5XfLYiJDw2LBdmIVDTiywKsaVlpK7QW8X4ewtv4fa8nM-aq1647sNChStGB3DSZOiUNkcbplHDpVYNOA-1C5PXDYYZlRrjtT7DAvyRHx39JF7C7ZO2PtE3UTsITlR_cVtsPH47tWczNti8SHPD0Ytmfl5tMo0PNPTEVYWN7Rlb1nYbjYvPcfuEdL-8QJchiE4kqncqMBvGj_cTHffXYDz6Oxu84WTazH0aAxQHgQKo3GnFFIw,"https://www.google.com/viewer/chooseprovider?mid=/g/11cnnw6jm_&g2lbs=AO8LyOLarNuPAVXbkQB7Wtf9fN9c12nL1Ir-HnF91B6xmiaqNN7ZERFB0-1CQ4QUkNSs5kA_XLvtp5nQAMaQullaLBExLY6eyA%3D%3D&hl=en-US&gl=us&fo_m=MfohQo559jFvMUOzJVpjPL1YMfZ3bInYwBDuMfaXTPp5KXh-&utm_source=tactile&gei=_uMUad2hLsq_5OUP0N69GQ&ei=_uMUad2hLsq_5OUP0N69GQ&fo_s=OA,SOE&opi=79508299&ebb=1&cs=0&foub=mcpp",
19,RL Restaurant,ChIJcVWnFFPTD4gR4wHd5_rdgxo,0x880fd35314a75571:0x1a83ddfae7dd01e3,1910614736636805603,https://serpapi.com/search.json?data_id=0x880fd35314a75571%3A0x1a83ddfae7dd01e3&engine=google_maps_reviews&hl=en,https://serpapi.com/search.json?data_id=0x880fd35314a75571%3A0x1a83ddfae7dd01e3&engine=google_maps_photos&hl=en,"{'latitude': 41.8965408, 'longitude': -87.62491539999999}",https://serpapi.com/search.json?engine=google_maps&google_domain=google.com&hl=en&place_id=ChIJcVWnFFPTD4gR4wHd5_rdgxo,/g/1v8j10s9,4.6,1436,$50–100,American restaurant,"['American restaurant', 'Restaurant']",american_restaurant,"['american_restaurant', 'restaurant']","115 E Chicago Ave, Chicago, IL 60611",Open ⋅ Closes 11 PM,(312) 475-1100,http://www.rlrestaurant.com/,Upscale American food in a swanky space. Upscale Ralph Lauren restaurant serving American classics in a sophisticated setting.,"[{'service_options': ['Outdoor seating', 'Onsite services', 'Takeout', 'Dine-in']}, {'highlights': ['Fast service', 'Fireplace', 'Great cocktails', 'Great coffee', 'Great dessert', 'Great tea selection', 'Great wine list', 'Serves local specialty']}, {'popular_for': ['Lunch', 'Dinner', 'Solo dining']}, {'accessibility': ['Wheelchair accessible entrance', 'Wheelchair accessible restroom', 'Wheelchair accessible seating']}, {'offerings': ['Alcohol', 'Beer', 'Cocktails', 'Coffee', 'Comfort food', 'Hard liquor', 'Healthy options', 'Private dining room', 'Vegetarian options', 'Wine']}, {'dining_options': ['Breakfast', 'Brunch', 'Lunch', 'Dinner', 'Dessert', 'Seating', 'Table service']}, {'amenities': ['Bar onsite', 'Restroom', 'Wi-Fi', 'Free Wi-Fi']}, {'atmosphere': ['Cozy', 'Romantic', 'Trendy', 'Upscale']}, {'crowd': ['Groups', 'Tourists']}, {'planning': ['Brunch reservations recommended', 'Lunch reservations recommended', 'Reservations required', 'Dinner reservations recommended', 'Accepts reservations', 'Usually a wait']}, {'payments': ['Credit cards', 'Debit cards', 'NFC mobile payments']}, {'children': ['High chairs', ""Kids' menu""]}, {'parking': ['Paid street parking', 'Usually difficult to find a space', 'Valet parking']}]","{'dine_in': True, 'takeout': True, 'delivery': False}",https://www.google.com/maps/reserve/v/dine/c/m9ebUl7RcCc?source=pa&opi=79508299&hl=en-US&gei=_uMUad2hLsq_5OUP0N69GQ&sourceurl=https://www.google.com/service/MapsSearchService/Search?hl%3Den%26authuser%3D0%26gl%3Dus%26q%3Drestaurants%26tbm%3Dmap,"""Great food, relaxing atmosphere and top notch attentive service.""",https://lh3.googleusercontent.com/gps-cs-s/AG0ilSyXaclG1LJGqe1IVlnMtVkxYkVv1HK7LjrmyEX_Bzhzw79PiI6AzC1TgRcFAzMyE-sSpkGK-11rPt2GmgZ5fRYOmfh-oyvaUG0OIjhdheEcmLxR1-3MqkdPwSr5xHtvLy_E01HO=w138-h92-k-no,https://serpapi.com/images/url/zmolunicBcHdboIwGADQJ6rwSfxNdsEWLCgEApOoN8bU2mpbirQDyvvtIfY2O-fvl1vbmq3nSR7MmNZM0h9DO6IbSxs7I1p5rDWIGGS8EPtPWbnTjUgM6R6_KSS1bDJbi_Es6h7iwyp9dcpFp-vnxKdhtSmeyTKcvuCblWQXTpmLkKlagQ8IoCvsHCt2WTzKc64eHGnX347Yz5MXv3MaEZWOJaAge4t7MVTdYoxtn7pr5EOcfwwQrBHfzJFAjf4HHKNFMQ,"https://www.google.com/viewer/chooseprovider?mid=/g/1v8j10s9&g2lbs=AO8LyOJPF9XYjorHc4vnrZjdDxEFnG63V8ngIv4UQ2iILUd2X_1OHTBbV_EUwyGdzVyUaHVMF0r6mVHadz_wXpA_rMRrCaViPg%3D%3D&hl=en-US&gl=us&fo_m=MfohQo559jFvMUOzJVpjPL1YMfZ3bInYwBDuMfaXTPp5KXh-&utm_source=tactile&gei=_uMUad2hLsq_5OUP0N69GQ&ei=_uMUad2hLsq_5OUP0N69GQ&fo_s=OA,SOE&opi=79508299&ebb=1&cs=0&foub=mcpp",[{'service_options': ['Delivery']}]
20,State and Lake Chicago Tavern,ChIJs57fXLAsDogRA23fjf_Aqu8,0x880e2cb05cdf9eb3:0xefaac0ff8ddf6d03,17269827924935011587,https://serpapi.com/search.json?data_id=0x880e2cb05cdf9eb3%3A0xefaac0ff8ddf6d03&engine=google_maps_reviews&hl=en,https://serpapi.com/search.json?data_id=0x880e2cb05cdf9eb3%3A0xefaac0ff8ddf6d03&engine=google_maps_photos&hl=en,"{'latitude': 41.886041399999996, 'longitude': -87.6276233}",https://serpapi.com/search.json?engine=google_maps&google_domain=google.com&hl=en&place_id=ChIJs57fXLAsDogRA23fjf_Aqu8,/g/119wfnxg3,4.1,981,$$,Restaurant,['Restaurant'],restaurant,['restaurant'],"201 N State St Floor 1, Chicago, IL 60601",Open ⋅ Closes 11 PM,(312) 239-9400,https://stateandlakechicago.com/?y_source=1_MTU0MDUzNDItNzE1LWxvY2F0aW9uLndlYnNpdGU%3D,"Seasonal American restaurant & gastropub. Stylish hotel restaurant with pub-style bar serving craft beer, an American wine list & cocktails.","[{'service_options': ['Outdoor seating', 'Takeout', 'Dine-in']}, {'highlights': ['Fast service', 'Great beer selection', 'Great cocktails', 'Great wine list', 'Live music', 'Sports']}, {'popular_for': ['Breakfast', 'Lunch', 'Dinner', 'Solo dining']}, {'accessibility': ['Wheelchair accessible entrance', 'Wheelchair accessible restroom', 'Wheelchair accessible seating']}, {'offerings': ['Alcohol', 'Beer', 'Cocktails', 'Coffee', 'Comfort food', 'Happy hour drinks', 'Happy hour food', 'Hard liquor', 'Late-night food', 'Small plates', 'Vegetarian options', 'Wine']}, {'dining_options': ['Breakfast', 'Brunch', 'Lunch', 'Dinner', 'Catering', 'Counter service', 'Dessert', 'Seating', 'Table service']}, {'amenities': ['Bar onsite', 'Restroom', 'Wi-Fi']}, {'atmosphere': ['Casual', 'Cozy', 'Trendy']}, {'crowd': ['Family-friendly', 'Groups', 'LGBTQ+ friendly', 'Tourists', 'Transgender safespace']}, {'planning': ['Brunch reservations recommended', 'Dinner reservations recommended', 'Accepts reservations']}, {'payments': ['Credit cards', 'Debit cards', 'NFC mobile payments']}, {'children': ['High chairs', ""Kids' menu""]}, {'parking': ['Paid parking lot', 'Paid street parking', 'Usually difficult to find a space']}, {'pets': ['Dogs allowed outside']}]","{'dine_in': True, 'takeout': True}",https://www.google.com/maps/reserve/v/dine/c/uY0-mGwnFb0?source=pa&opi=79508299&hl=en-US&gei=_uMUad2hLsq_5OUP0N69GQ&sourceurl=https://www.google.com/service/MapsSearchService/Search?hl%3Den%26authuser%3D0%26gl%3Dus%26q%3Drestaurants%26tbm%3Dmap,"""My husband and I got the Steak Frites, both steaks were cooked perfectly.""",https://lh3.googleusercontent.com/p/AF1QipMi60rUqfCQljJzeEDcuUkwXFp8pg0cQxUl8sSd=w138-h92-k-no,https://serpapi.com/images/url/9pEzdXicuxmXUVJSUGylr5-TYayXnp-fnpNaWpxalJyfV5KaV6KXnJ-rX6Dv6GYYmFngm2lmUBRamOYcmJPlVZXq6pJcGppdHuFWYFGQbpAcWBGaY1EcnGJbbmhsoZthaaSbrZuXDwC-zSH_,,
